"song_id","user_id","rating","review"
"12Sv5AAcPOV60m8FEkM8n0","ffvykzxpr694dqsjt7ed53unp",,
"2ErK7WkGNbdgvSAYoEzyLz","gtar7t24enp0nhgevtt01b5o9",,
"26v8sW8b04x0LmkPIiYr4d","21m6u3kbgo2yhi3pdecmgehvq",,
"5GtdNsoWSkZEt5pZhWqGZk","rct929ivhw11fqk6rjld39eec",,
"12Sv5AAcPOV60m8FEkM8n0","a9dgsx2b7je403thfz4009b78",,
"0IQ6GpijOe0IABK52QEWh6","a7o6sqtgentci8zl1wjcf6hbz",,
"7BXMFyPdBOP61qeL3E5qU7","slx072",,
"7xzdqdXfioPbZAVhbdrvG1","07lked7yg78w00hvilz82mvjf",,
"3mxXwA4tTlxwh2DaKfbpfG","216hbt67ik5zrmm4i6e2qvl4q",,
"4UK2Lzi6fBfUi9rpDt6cik","2su1fphfesyk2c1uwjitywa61",,
"1McMsnEElThX1knmY4oliG","216hbt67ik5zrmm4i6e2qvl4q",,
"65ZzuNL3HmtwhF9akIKXuJ","gtar7t24enp0nhgevtt01b5o9",,
"2ElEMlJwZ1rFGablVAU7qW","a9dgsx2b7je403thfz4009b78",,
"31cQ1UZ89lT9gFf6bvADZl","ffvykzxpr694dqsjt7ed53unp",,
"28ot3wh4oNmoFOdVajibBl","07lked7yg78w00hvilz82mvjf",,
"1p0m9YTdawNc7G4BF6IowP","a7o6sqtgentci8zl1wjcf6hbz",,
"13rJ1RvOkiAEQnvbt9SlXR","21m6u3kbgo2yhi3pdecmgehvq",,
"76vkWddOP6RrPPgW9swOeh","zudr8vz82onnsp1am1vv4ekef",,
"1HY2Jd0NmPuamShAr6KMms","2su1fphfesyk2c1uwjitywa61",,
"3ptDfWtRPPQIYnNIUefsLS","s1f6o37n837hnq42a63aihyyb",,
"6Djhoi4Q0Dr169qJlL4hYu","31f3krxkgyzlst44yzovhqnthlre",,
"64tJ2EAv1R6UaZqc4iOCyj","21m6u3kbgo2yhi3pdecmgehvq",,
"6Za55i1EyrDS3b55ui411h","s1f6o37n837hnq42a63aihyyb",,
"2olid9JDd0KYvExiTkD8QW","ffvykzxpr694dqsjt7ed53unp",,
"6Nctey0HaFN5gsk9fvGggB","2144e3iw42hti6wphlqadv5zi",,
"64tJ2EAv1R6UaZqc4iOCyj","dx8wsnnbe1m901vr9u5m98pmy",,
"2K6ObsvTucCbvqZqB62rmq","b8op5rarpey5byoow3vxe1xgy",,
"1YMEYXKBEfqIpuuxHJzs8F","slx072",,
"4HUMlOK1rLC4c72RCOoFYb","dx8wsnnbe1m901vr9u5m98pmy",,
"2K6ObsvTucCbvqZqB62rmq","a7o6sqtgentci8zl1wjcf6hbz",,
"4Ve0BbqLcPOuyjqYqnMibV","31f3krxkgyzlst44yzovhqnthlre",,
"27CTGmSgvs2cUMSErJ1Thc","21m6u3kbgo2yhi3pdecmgehvq",,
"08o6AASZMhX5jM87cpR89V","ffvykzxpr694dqsjt7ed53unp",,
"4ffraDrJlbxunIIGDhyqQN","2su1fphfesyk2c1uwjitywa61",,
"5NK8Swoqx3fmsdiyNIzuUz","21m6u3kbgo2yhi3pdecmgehvq",,
"11J6wtGIMBv3bT0m2kW6m4","ffvykzxpr694dqsjt7ed53unp",,
"2gh1FE34rf8aWwz3kYn8Zv","artbrit",,
"4Mt29F9smgR7ghycaf5fI5","a7o6sqtgentci8zl1wjcf6hbz",,
"61Ik1OgvD00kksdwh3jN0v","slx072",,
"10mc0KYrcO1Chwgr5l1GFu","a9dgsx2b7je403thfz4009b78",,
"5NK8Swoqx3fmsdiyNIzuUz","2su1fphfesyk2c1uwjitywa61",,
"00p8XSsAfQ5b0dDBUBfOnm","zudr8vz82onnsp1am1vv4ekef",,
"10mc0KYrcO1Chwgr5l1GFu","07lked7yg78w00hvilz82mvjf",,
"4VOKPyqkzuUlunlQUFeHNR","a7o6sqtgentci8zl1wjcf6hbz",,
"1I497L7uZlen6v7HnSZuNW","216hbt67ik5zrmm4i6e2qvl4q",,
"7oaK0rVI323hWZPoxx5ZVT","s1f6o37n837hnq42a63aihyyb",,
"3XKWc6HmfLNC4cao4RDIRy","s1f6o37n837hnq42a63aihyyb",,
"1YMEYXKBEfqIpuuxHJzs8F","gtar7t24enp0nhgevtt01b5o9",,
"3vZoN5cnYOycsJ5KsFkjo5","07lked7yg78w00hvilz82mvjf",,
"0z7Msk6m3ebCRLErFMUp1F","b8op5rarpey5byoow3vxe1xgy",,