"song_id","user_id","rating","review"
"0puz6cZyufaK1oKlCXhhXo","a7o6sqtgentci8zl1wjcf6hbz",1,"iusto generate Southwest"
"6Za55i1EyrDS3b55ui411h","ffvykzxpr694dqsjt7ed53unp",3,"Account envelop Unbranded"
"2NxOKIa1xNKUrwKA0zbDbN","ffvykzxpr694dqsjt7ed53unp",2,"overriding Shirt Salad"
"32Y6dD6O16GtyE2PKUN8gE","216hbt67ik5zrmm4i6e2qvl4q",1,"blue Avon Fresh"
"6Za55i1EyrDS3b55ui411h","2su1fphfesyk2c1uwjitywa61",5,"salmon"
"7pS1PeNcm1TpGN5TXUwi4r","artbrit",5,"Boron past"
"6wkudvL54bLi0aJVO6jcxe","artbrit",4,"bypassing"
"00p8XSsAfQ5b0dDBUBfOnm","el8ppo85xsps6brg5dhh2fp94",2,"yank Bedfordshire payment"
"1RGjip8wVOevA6Q121jafC","b8op5rarpey5byoow3vxe1xgy",5,"Dodge hertz Rubber"
"7kaJOOAkXnnaA7nlEb9p0H","zudr8vz82onnsp1am1vv4ekef",3,"innovate"
"2IDLDx25HU1nQMKde4n61a","slx072",5,"meter"
"3MMQbbyDm6vRlNMOlPF2Wp","zudr8vz82onnsp1am1vv4ekef",1,"red Arkansas"
"31cQ1UZ89lT9gFf6bvADZl","07lked7yg78w00hvilz82mvjf",4,"East West Tasty"
"31cQ1UZ89lT9gFf6bvADZl","31f3krxkgyzlst44yzovhqnthlre",3,"Northwest Newton"
"1CPepi9MQvJxdybO4BYxnu","zudr8vz82onnsp1am1vv4ekef",3,"Passenger Southeast"
"7BXMFyPdBOP61qeL3E5qU7","gtar7t24enp0nhgevtt01b5o9",1,"Elk"
"62s0EsXQNJEwy8fKZ386VU","216hbt67ik5zrmm4i6e2qvl4q",5,"Island Bedfordshire"
"1McMsnEElThX1knmY4oliG","artbrit",4,"Delaware airfield"
"0psEe4IooMjolOPMrz9A5M","el8ppo85xsps6brg5dhh2fp94",3,"inside"
"5GtdNsoWSkZEt5pZhWqGZk","07lked7yg78w00hvilz82mvjf",4,"grey pixel maxime"
"26v8sW8b04x0LmkPIiYr4d","b8op5rarpey5byoow3vxe1xgy",4,"Bronze"
"6UdKtISMXYKSR8jcgtFePo","s1f6o37n837hnq42a63aihyyb",2,"Luxurious Toys female"
"4tF37PbmfGwti71JKUI1pz","ffvykzxpr694dqsjt7ed53unp",4,"Classical Rubber"
"4ffraDrJlbxunIIGDhyqQN","ffvykzxpr694dqsjt7ed53unp",4,"gray"
"47I1Io01l1zubnuzDPb9OB","2su1fphfesyk2c1uwjitywa61",2,"up F2M Soft"
"4Ve0BbqLcPOuyjqYqnMibV","rct929ivhw11fqk6rjld39eec",5,"Northeast"
"3XKWc6HmfLNC4cao4RDIRy","gtar7t24enp0nhgevtt01b5o9",1,"Division"
"6LCX99hubn8CejiUtMCyyk","21m6u3kbgo2yhi3pdecmgehvq",5,"Kansas Harvey silver"
"5ZsFI1h6hIdQRw2ti0hz81","slx072",5,"Florida haptic purple"
"4Ve0BbqLcPOuyjqYqnMibV","slx072",4,"wiggly Orchestrator"
"56RaDtKL9pQUgulfu6PKTk","ffvykzxpr694dqsjt7ed53unp",4,"Nitrogen benchmark"
"2ElEMlJwZ1rFGablVAU7qW","rct929ivhw11fqk6rjld39eec",5,"Handcrafted"
"6w5qVRuob9t7rfBj9vQfJl","216hbt67ik5zrmm4i6e2qvl4q",2,"whiteboard"
"7jC5djlX6vRNupY4GOvLt9","zudr8vz82onnsp1am1vv4ekef",3,"implementation"
"66CXWjxzNUsdJxJ2JdwvnR","zudr8vz82onnsp1am1vv4ekef",2,"partnerships Calcium"
"7jC5djlX6vRNupY4GOvLt9","ffvykzxpr694dqsjt7ed53unp",3,"Technician Unbranded Bicycle"
"12Sv5AAcPOV60m8FEkM8n0","zudr8vz82onnsp1am1vv4ekef",2,"range engineer"
"7bOcY0W1wWNhwa2Xwa52Hk","b8op5rarpey5byoow3vxe1xgy",5,"previous"
"49UYQJa5MkggROpn141o1N","gtar7t24enp0nhgevtt01b5o9",2,"World"
"3mxXwA4tTlxwh2DaKfbpfG","artbrit",3,"niches whiteboard"
"26v8sW8b04x0LmkPIiYr4d","slx072",5,"approach"
"66CXWjxzNUsdJxJ2JdwvnR","gtar7t24enp0nhgevtt01b5o9",5,"Cab"
"78RN4N0o7KIcN63nH8Twxa","2su1fphfesyk2c1uwjitywa61",3,"retrospective Practical"
"6Nctey0HaFN5gsk9fvGggB","zudr8vz82onnsp1am1vv4ekef",5,"mobile COM"
"2gh1FE34rf8aWwz3kYn8Zv","216hbt67ik5zrmm4i6e2qvl4q",1,"Southeast"
"7HkhX112bjILV4QmihK9Pd","216hbt67ik5zrmm4i6e2qvl4q",4,"Cambridgeshire Concrete"
"0jL4ZlxXbZTccYP9MVPbte","2su1fphfesyk2c1uwjitywa61",1,"as Georgia Tandem"
"3OGj4jFXF7Cw4ORWS7T3ra","zudr8vz82onnsp1am1vv4ekef",2,"Markets siemens"
"7BXMFyPdBOP61qeL3E5qU7","a9dgsx2b7je403thfz4009b78",4,"Millcreek Account Paradigm"
"5NK8Swoqx3fmsdiyNIzuUz","el8ppo85xsps6brg5dhh2fp94",2,"Guyana AGP"